UDI,Product ID,Type,Air temperature [K],Process temperature [K],Rotational speed [rpm],Torque [Nm],Tool wear [min],Machine failure,TWF,HDF,PWF,OSF,RNF
1,M10001,M,303.5,313.1,1249,23.3,137,0,0,0,0,0,0
2,L10002,L,298.3,306.5,1719,29.7,22,0,0,0,0,0,0
3,M10003,M,298.8,307.8,1764,39.1,211,0,0,0,0,0,0
4,H10004,H,296.1,305.0,1842,46.2,15,1,0,0,0,0,0
5,H10005,H,300.3,308.5,1426,22.1,219,0,0,0,0,0,0
6,L10006,L,297.6,306.2,1320,45.7,143,0,0,0,0,0,0
7,H10007,H,296.6,306.9,1854,28.5,24,0,0,0,0,0,0
8,H10008,H,301.4,311.7,1833,29.3,174,1,0,0,0,0,0
9,H10009,H,298.8,308.1,1799,61.6,92,0,0,0,0,0,0
10,M10010,M,,305.9,1998,31.0,147,0,0,0,0,0,0
11,M10011,M,299.7,311.2,1946,40.2,155,0,0,0,0,0,0
12,L10012,L,296.1,305.8,1975,35.4,125,1,0,0,0,0,0
13,M10013,M,295.4,306.1,1982,45.1,202,0,0,0,0,0,0
14,M10014,M,298.1,307.5,1708,46.1,116,0,0,0,0,0,0
15,L10015,L,302.6,314.4,1685,51.4,16,0,0,0,0,0,0
16,L10016,L,301.6,310.8,1791,64.7,210,1,0,0,0,0,0
17,M10017,M,297.6,307.1,1884,35.6,118,0,0,0,0,0,0
18,M10018,M,296.5,305.0,1260,29.8,73,0,0,0,0,0,0
19,L10019,L,301.6,311.2,1708,23.6,114,0,0,0,0,0,0
20,M10020,M,299.9,311.4,1640,58.9,71,1,0,0,0,0,0
21,H10021,H,298.7,308.1,1589,63.1,38,0,0,0,0,0,0
22,L10022,L,296.6,305.5,1438,20.5,212,0,0,0,0,0,0
23,H10023,H,296.6,305.7,1349,38.9,94,0,0,0,0,0,0
24,H10024,H,300.1,311.9,1907,58.7,158,1,0,0,0,0,0
25,H10025,H,301.1,309.3,1998,62.8,174,0,0,0,0,0,0
26,H10026,H,298.5,308.1,1306,41.7,102,0,0,0,0,0,0
27,L10027,L,296.7,308.6,1651,27.3,87,0,0,0,0,0,0
28,H10028,H,295.5,303.5,1354,44.1,93,1,0,0,0,0,0
29,H10029,H,295.2,306.7,1828,36.9,162,0,0,0,0,0,0
30,M10030,M,303.6,314.0,1685,25.5,217,0,0,0,0,0,0
31,M10031,M,303.9,313.8,1695,34.0,36,0,0,0,0,0,0
32,L10032,L,301.7,312.7,1690,57.3,41,1,0,0,0,0,0
33,H10033,H,295.2,307.0,1740,36.3,176,0,0,0,0,0,0
34,H10034,H,303.2,314.2,1505,64.0,23,0,0,0,0,0,0
35,H10035,H,302.6,312.7,1371,36.0,57,0,0,0,0,0,0
36,H10036,H,299.9,309.9,1851,30.0,207,1,0,0,0,0,0
37,L10037,L,302.3,313.6,1957,56.1,51,0,0,0,0,0,0
38,H10038,H,299.4,310.3,1228,55.6,120,0,0,0,0,0,0
39,M10039,M,296.7,307.1,1552,40.1,185,0,0,0,0,0,0
40,M10040,M,303.6,313.1,1425,24.6,120,1,0,0,0,0,0
41,L10041,L,298.0,307.9,1824,57.8,122,0,0,0,0,0,0
42,H10042,H,298.1,308.7,1876,25.4,99,0,0,0,0,0,0
43,H10043,H,301.8,311.7,1382,39.5,162,0,0,0,0,0,0
44,M10044,M,295.8,307.6,1939,37.8,102,1,0,0,0,0,0
45,H10045,H,303.5,314.4,1374,64.7,7,0,0,0,0,0,0
46,L10046,L,300.3,310.2,1871,26.6,211,0,0,0,0,0,0
47,H10047,H,303.8,314.4,1558,27.0,140,0,0,0,0,0,0
48,L10048,L,295.2,306.4,1943,49.2,134,1,0,0,0,0,0
49,H10049,H,303.4,313.1,1399,57.2,54,0,0,0,0,0,0
50,L10050,L,297.3,306.5,1446,54.4,83,0,0,0,0,0,0
51,M10051,M,299.9,311.2,1262,61.0,90,0,0,0,0,0,0
52,M10052,M,301.0,312.3,1729,38.9,128,1,0,0,0,0,0
53,L10053,L,299.8,309.9,1219,59.3,198,0,0,0,0,0,0
54,L10054,L,300.5,311.6,1353,27.8,121,0,0,0,0,0,0
55,H10055,H,301.5,311.7,1533,50.7,135,0,0,0,0,0,0
56,DUP99999,M,303.6,314.0,1685,25.5,217,0,0,0,0,0,0
