Product ID,Type,Air temperature [K],Process temperature [K],Rotational speed [rpm],Torque [Nm],Tool wear [min]
NR-001,L,301.0,310.7,1553,35.6,159
NR-002,H,297.7,307.8,1514,54.0,184
NR-003,M,301.8,311.6,1804,38.5,71
NR-004,L,298.1,307.9,1587,44.9,7
NR-005,L,299.1,308.1,1677,38.1,63
NR-006,L,302.6,313.1,1683,35.4,189
NR-007,M,299.5,310.3,1525,45.9,66
NR-008,L,301.4,310.5,1621,42.4,41
NR-009,M,300.3,310.4,1554,37.6,101
NR-010,L,301.2,311.1,1578,25.1,159
NR-011,M,298.8,308.5,1401,52.1,197
NR-012,L,299.0,309.3,1522,42.0,86
NR-013,M,303.2,313.9,1691,29.8,189
NR-014,L,298.6,307.8,1719,39.6,23
NR-015,L,300.7,310.4,1680,41.9,178
NR-016,H,297.8,308.7,1783,44.2,133
NR-017,M,302.9,312.0,1679,49.4,31
NR-018,M,299.3,309.7,1387,43.2,172
NR-019,M,298.7,308.8,1535,45.1,30
NR-020,L,296.7,305.4,1655,32.0,105
NR-021,M,302.7,312.1,1525,34.4,27
NR-022,M,302.2,311.9,1657,53.8,141
NR-023,M,302.7,311.7,1707,46.5,169
NR-024,L,301.3,311.3,1575,28.1,73
NR-025,L,302.1,310.9,1310,66.5,212
NR-026,L,298.9,309.4,1250,71.2,180
NR-027,M,303.2,311.3,1340,63.8,225
NR-028,L,299.5,310.1,2750,9.8,205
NR-029,H,309.8,319.9,1480,42.0,60
NR-030,X,300.0,310.0,1500,40.0,100
NR-031,M,301.0,311.0,-5,38.0,90
